{"cameraMode":{"drawMode":0,"name":"Shaded","section":"Shading Mode"},"sceneLighting":true,"audioPlay":false,"sceneViewState":{"showFog":true,"showMaterialUpdate":false,"showSkybox":true,"showFlares":true,"showImageEffects":true,"showParticleSystems":true},"in2DMode":false,"pivot":{"x":-0.8606085777282715,"y":78.0936279296875,"z":-18.135906219482423},"rotation":{"x":-0.0304054357111454,"y":-0.7910406589508057,"z":0.03942772001028061,"w":-0.6097639203071594},"size":6.501964569091797,"orthographic":false}