{"cameraMode":{"drawMode":0,"name":"Shaded","section":"Shading Mode"},"sceneLighting":true,"audioPlay":false,"sceneViewState":{"showFog":true,"showMaterialUpdate":false,"showSkybox":true,"showFlares":true,"showImageEffects":true,"showParticleSystems":true},"in2DMode":false,"pivot":{"x":-121.13566589355469,"y":65.06704711914063,"z":-121.33055877685547},"rotation":{"x":-0.05130583420395851,"y":-0.8904004096984863,"z":0.10354265570640564,"w":-0.44037652015686037},"size":89.1736831665039,"orthographic":false}