{"cameraMode":{"drawMode":0,"name":"Shaded","section":"Shading Mode"},"sceneLighting":true,"audioPlay":false,"sceneViewState":{"showFog":true,"showMaterialUpdate":false,"showSkybox":true,"showFlares":true,"showImageEffects":true,"showParticleSystems":true},"in2DMode":false,"pivot":{"x":-614.7909545898438,"y":-175.9318084716797,"z":-288.1767883300781},"rotation":{"x":0.261218398809433,"y":-0.12811002135276795,"z":-0.03506292402744293,"w":-0.956179141998291},"size":4.72005558013916,"orthographic":false}